language,original_code,comment,token_count,mcv,sfv,adak_index,codebert_score
go,"func (c *Lambda) InvokeAsyncWithContext(ctx aws.Context, input *InvokeAsyncInput, opts ...request.Option) (*InvokeAsyncOutput, error) {
	req, out := c.InvokeAsyncRequest(input)
	req.SetContext(ctx)
	req.ApplyOptions(opts...)
	return out, req.Send()
}","// InvokeAsyncWithContext is the same as InvokeAsync with the addition of
// the ability to pass a context and additional request options.
//
// See InvokeAsync for details on how to use this API operation.
//
// The context must be non-nil and will be used for request cancellation. If
// the context is nil a panic will occur. In the future the SDK may create
// sub-contexts for http.Requests. See https://golang.org/pkg/context/
// for more information on using Contexts.
//
// Deprecated: InvokeAsyncWithContext has been deprecated",66,8.8,18.6,-52.68817204301074,0.9686014652252196
go,"func (c *Client) Address() tcpip.Address {
	c.mu.Lock()
	defer c.mu.Unlock()
	return c.addr
}",// Address reports the IP address acquired by the DHCP client.,36,0.8,9.9,-91.91919191919192,0.9807541966438292
go,"func (c *DirectoryService) CreateMicrosoftADWithContext(ctx aws.Context, input *CreateMicrosoftADInput, opts ...request.Option) (*CreateMicrosoftADOutput, error) {
	req, out := c.CreateMicrosoftADRequest(input)
	req.SetContext(ctx)
	req.ApplyOptions(opts...)
	return out, req.Send()
}","// CreateMicrosoftADWithContext is the same as CreateMicrosoftAD with the addition of
// the ability to pass a context and additional request options.
//
// See CreateMicrosoftAD for details on how to use this API operation.
//
// The context must be non-nil and will be used for request cancellation. If
// the context is nil a panic will occur. In the future the SDK may create
// sub-contexts for http.Requests. See https://golang.org/pkg/context/
// for more information on using Contexts.",66,7.2,18.6,-61.29032258064516,0.9676885604858398
