language,original_code,comment,mcv,sfv,adak_index,codebert_score,label
python,"def copy(source, dest):
    """"""
    use the vospace service to get a file.

    @param source:
    @param dest:
    @return:
    """"""
    logger.info(""copying {} -> {}"".format(source, dest))

    return client.copy(source, dest)","use the vospace service to get a file.

    @param source:
    @param dest:
    @return:",3.2,9.0,-64.44444444444444,0.9854983687400818,1
python,"def _start_watching_blocks(self):
        '''
        Internal: call immediately after registering a block watcher
        If the new watcher is the first, then start watching web3 remotely
        '''
        if sum(map(len, (self.solid_watchers, self.block_watchers))) == 1:
            eth.filter('latest').watch(self._new_block)","Internal: call immediately after registering a block watcher
        If the new watcher is the first, then start watching web3 remotely",1.6,12.0,-86.66666666666667,0.9891713261604308,1
python,"def prepare_fluxseries(self, ramflag: bool = True) -> None:
        """"""Call method |Element.prepare_fluxseries| of all handled
        |Element| objects.""""""
        for element in printtools.progressbar(self):
            element.prepare_fluxseries(ramflag)","Call method |Element.prepare_fluxseries| of all handled
        |Element| objects.",1.6,9.0,-82.22222222222223,0.9735011458396912,1
